{
  "total_runtime_sec": 223.60722160339355,
  "num_replans": 32,
  "replan_times_sec": [
    3.302649974822998,
    7.5312340259552,
    11.997272491455078,
    16.612022399902344,
    20.79516363143921,
    24.910911798477173,
    29.217779636383057,
    33.5340359210968,
    37.733160734176636,
    42.08274602890015,
    46.29965782165527,
    63.116384983062744,
    79.95001792907715,
    84.42582654953003,
    88.90879034996033,
    93.24957275390625,
    97.63096046447754,
    102.18013525009155,
    106.73674535751343,
    139.9365689754486,
    144.4452166557312,
    148.57936835289001,
    156.4771568775177,
    161.13086366653442,
    183.29184198379517,
    189.7350559234619,
    198.08525967597961,
    202.42243814468384,
    206.994854927063,
    211.51943516731262,
    215.96628761291504,
    220.2278368473053
  ],
  "path_length_m": 6.7037724197011
}