{
  "total_runtime_sec": 301.56972002983093,
  "num_replans": 46,
  "replan_times_sec": [
    5.566371917724609,
    11.872822523117065,
    17.75636649131775,
    24.95430302619934,
    32.245434045791626,
    40.2958869934082,
    47.01034498214722,
    53.94587230682373,
    66.21430230140686,
    66.84712600708008,
    72.95489573478699,
    79.20755290985107,
    85.35395407676697,
    91.46001029014587,
    98.14050102233887,
    103.97434639930725,
    110.35145950317383,
    119.11728739738464,
    122.6492030620575,
    129.1651520729065,
    135.6704216003418,
    142.44890451431274,
    148.73770451545715,
    155.4788134098053,
    161.85892724990845,
    168.44844388961792,
    175.17721152305603,
    181.91006636619568,
    188.54328751564026,
    194.9761302471161,
    201.47329092025757,
    208.2424077987671,
    214.4876708984375,
    220.77911806106567,
    226.97125673294067,
    233.5699963569641,
    239.77930974960327,
    246.29314255714417,
    252.51597428321838,
    258.7455863952637,
    264.7204020023346,
    270.86667108535767,
    277.2163007259369,
    283.6528687477112,
    289.5625741481781,
    296.1005370616913
  ],
  "path_length_m": 0.0
}