{
  "total_runtime_sec": 86.19895792007446,
  "num_replans": 11,
  "replan_times_sec": [
    5.226713418960571,
    11.764117956161499,
    18.233201503753662,
    24.856422662734985,
    31.14118981361389,
    37.35644316673279,
    43.503753423690796,
    49.90833067893982,
    56.11021542549133,
    62.711812257766724,
    69.17448234558105
  ],
  "path_length_m": 0.0
}