{
  "total_runtime_sec": 122.95763874053955,
  "num_replans": 4,
  "replan_times_sec": [
    8.391922950744629,
    36.857155084609985,
    63.584208250045776,
    114.6827461719513
  ],
  "path_length_m": 2.023590875662053
}