{
  "total_runtime_sec": 131.5474464893341,
  "num_replans": 21,
  "replan_times_sec": [
    5.050777912139893,
    10.948230504989624,
    17.525813579559326,
    23.83173418045044,
    30.01651883125305,
    36.45848298072815,
    42.6991708278656,
    49.07837653160095,
    55.304797887802124,
    61.56662726402283,
    67.87029504776001,
    74.03162360191345,
    80.05823087692261,
    89.76503992080688,
    92.95307970046997,
    99.24629139900208,
    105.32138061523438,
    111.30566048622131,
    117.52061009407043,
    123.94887495040894,
    130.02788138389587
  ],
  "path_length_m": 0.0
}