{
  "total_runtime_sec": 99.13028335571289,
  "num_replans": 8,
  "replan_times_sec": [
    1.7183077335357666,
    23.83893370628357,
    28.262421369552612,
    43.62513589859009,
    48.02243638038635,
    80.86823391914368,
    87.57282519340515,
    93.75396966934204
  ],
  "path_length_m": 5.5774489117375525
}